,games_played,wins,win_rate
Surrey,1.0,1.0,1.0
Elba Island,1.0,1.0,1.0
Asturias,1.0,1.0,1.0
Maule Sur,2.0,2.0,1.0
Kurdistan,5.0,4.0,0.8
Canary Islands,4.0,3.0,0.75
Yorkshire,7.0,5.0,0.7142857142857143
County of Nice,9.0,6.0,0.6666666666666666
Franconia,3.0,2.0,0.6666666666666666
Biafra,3.0,2.0,0.6666666666666666
Quebec,3.0,2.0,0.6666666666666666
Parishes of Jersey,3.0,2.0,0.6666666666666666
Padania,45.0,30.0,0.6666666666666666
Jersey,235.0,153.0,0.6510638297872341
Brazil,1062.0,672.0,0.632768361581921
Andalusia,13.0,8.0,0.6153846153846154
Rhodes,18.0,11.0,0.6111111111111112
Basque Country,64.0,39.0,0.609375
Guernsey,240.0,145.0,0.6041666666666666
Isle of Man,58.0,35.0,0.603448275862069
Crimea,5.0,3.0,0.6
Northern Cyprus,34.0,20.0,0.5882352941176471
Spain,785.0,460.0,0.5859872611464968
Kernow,12.0,7.0,0.5833333333333334
Germany,1034.0,599.0,0.5793036750483559
Occitania,33.0,19.0,0.5757575757575758
Tamil Eelam,28.0,16.0,0.5714285714285714
England,1092.0,624.0,0.5714285714285714
Cascadia,7.0,4.0,0.5714285714285714
Iran,615.0,349.0,0.567479674796748
Ynys Môn,67.0,37.0,0.5522388059701493
Argentina,1071.0,591.0,0.5518207282913166
Artsakh,11.0,6.0,0.5454545454545454
Isle of Wight,48.0,26.0,0.5416666666666666
Tahiti,242.0,131.0,0.5413223140495868
Italy,893.0,477.0,0.5341545352743561
South Korea,1010.0,538.0,0.5326732673267327
Czech Republic,363.0,191.0,0.5261707988980716
Croatia,399.0,209.0,0.5238095238095238
Russia,748.0,384.0,0.5133689839572193
New Caledonia,265.0,136.0,0.5132075471698113
Netherlands,881.0,452.0,0.5130533484676504
Mexico,1006.0,514.0,0.510934393638171
Ivory Coast,639.0,325.0,0.5086071987480438
France,937.0,476.0,0.5080042689434365
Australia,584.0,296.0,0.5068493150684932
Arameans Suryoye,10.0,5.0,0.5
Mapuche,2.0,1.0,0.5
Délvidék,2.0,1.0,0.5
Central Spain,2.0,1.0,0.5
Ellan Vannin,22.0,11.0,0.5
Brittany,12.0,6.0,0.5
Egypt,759.0,379.0,0.4993412384716733
Portugal,697.0,348.0,0.49928263988522237
Morocco,620.0,306.0,0.4935483870967742
Japan,793.0,390.0,0.4918032786885246
Sweden,1104.0,541.0,0.490036231884058
China,701.0,339.0,0.48359486447931527
Iraqi Kurdistan,27.0,13.0,0.48148148148148145
Uzbekistan,356.0,169.0,0.4747191011235955
Panjab,19.0,9.0,0.47368421052631576
Saudi Arabia,743.0,351.0,0.47240915208613726
Nigeria,660.0,311.0,0.4712121212121212
Scotland,854.0,402.0,0.4707259953161593
German DR,298.0,140.0,0.4697986577181208
Hungary,1005.0,471.0,0.46865671641791046
Senegal,640.0,298.0,0.465625
Algeria,619.0,287.0,0.46365105008077545
Iraq,657.0,304.0,0.4627092846270928
Yugoslavia,483.0,223.0,0.4616977225672878
Ghana,674.0,311.0,0.46142433234421365
Denmark,874.0,402.0,0.459954233409611
Abkhazia,33.0,15.0,0.45454545454545453
Kárpátalja,11.0,5.0,0.45454545454545453
Czechoslovakia,520.0,236.0,0.45384615384615384
Zambia,793.0,358.0,0.4514501891551072
Ukraine,338.0,152.0,0.44970414201183434
Belgium,856.0,382.0,0.4462616822429907
Serbia,348.0,155.0,0.4454022988505747
South Africa,483.0,215.0,0.4451345755693582
Corsica,9.0,4.0,0.4444444444444444
United States,793.0,351.0,0.4426229508196721
Menorca,25.0,11.0,0.44
Cameroon,616.0,271.0,0.43993506493506496
Uruguay,973.0,428.0,0.4398766700924974
Martinique,331.0,145.0,0.4380664652567976
Romania,766.0,335.0,0.43733681462140994
Costa Rica,723.0,316.0,0.43706777316735823
Tunisia,681.0,296.0,0.434654919236417
Suriname,399.0,173.0,0.43358395989974935
Fiji,268.0,116.0,0.43283582089552236
Vietnam,297.0,128.0,0.43097643097643096
Poland,892.0,384.0,0.4304932735426009
Chameria,7.0,3.0,0.42857142857142855
Réunion,124.0,53.0,0.4274193548387097
Trinidad and Tobago,752.0,321.0,0.42686170212765956
Austria,863.0,367.0,0.42526071842410196
Guadeloupe,271.0,115.0,0.42435424354243545
Haiti,513.0,216.0,0.42105263157894735
Solomon Islands,214.0,90.0,0.4205607476635514
Vietnam Republic,195.0,82.0,0.4205128205128205
Felvidék,12.0,5.0,0.4166666666666667
Galicia,12.0,5.0,0.4166666666666667
Kuwait,684.0,285.0,0.4166666666666667
Uganda,685.0,285.0,0.41605839416058393
North Korea,390.0,162.0,0.4153846153846154
Sápmi,29.0,12.0,0.41379310344827586
Åland Islands,51.0,21.0,0.4117647058823529
Myanmar,511.0,210.0,0.410958904109589
New Zealand,419.0,172.0,0.4105011933174224
Mali,569.0,232.0,0.4077328646748682
Qatar,638.0,260.0,0.40752351097178685
Slovakia,367.0,149.0,0.40599455040871935
Kosovo,104.0,42.0,0.40384615384615385
Colombia,641.0,258.0,0.40249609984399376
United Arab Emirates,612.0,246.0,0.4019607843137255
Turkey,645.0,259.0,0.4015503875968992
Saint Barthélemy,10.0,4.0,0.4
East Turkestan,5.0,2.0,0.4
Honduras,620.0,247.0,0.39838709677419354
Saint Kitts and Nevis,226.0,90.0,0.39823008849557523
Catalonia,48.0,19.0,0.3958333333333333
Thailand,864.0,339.0,0.3923611111111111
DR Congo,526.0,206.0,0.3916349809885932
Malaysia,835.0,327.0,0.3916167664670659
Tajikistan,200.0,78.0,0.39
Dominican Republic,159.0,62.0,0.389937106918239
Jamaica,663.0,258.0,0.3891402714932127
Indonesia,727.0,281.0,0.38651994497936726
Republic of Ireland,633.0,243.0,0.38388625592417064
Zimbabwe,496.0,190.0,0.38306451612903225
Western Isles,34.0,13.0,0.38235294117647056
Kenya,706.0,268.0,0.37960339943342775
Oman,543.0,206.0,0.37937384898710863
Canada,472.0,179.0,0.3792372881355932
Greece,633.0,240.0,0.3791469194312796
Chile,834.0,315.0,0.3776978417266187
Matabeleland,8.0,3.0,0.375
Silesia,8.0,3.0,0.375
Norway,875.0,328.0,0.37485714285714283
Cape Verde,238.0,89.0,0.3739495798319328
Saint Vincent and the Grenadines,236.0,88.0,0.3728813559322034
Libya,384.0,143.0,0.3723958333333333
Guinea,539.0,200.0,0.37105751391465674
Jordan,488.0,180.0,0.36885245901639346
Madagascar,320.0,118.0,0.36875
Curaçao,388.0,143.0,0.36855670103092786
Saint Martin,68.0,25.0,0.36764705882352944
Gotland,30.0,11.0,0.36666666666666664
Turkmenistan,175.0,64.0,0.3657142857142857
Bosnia and Herzegovina,286.0,104.0,0.36363636363636365
Israel,498.0,181.0,0.3634538152610442
Shetland,58.0,21.0,0.3620689655172414
Slovenia,317.0,114.0,0.35962145110410093
Guatemala,554.0,199.0,0.3592057761732852
Syria,484.0,173.0,0.3574380165289256
India,533.0,190.0,0.35647279549718575
Switzerland,887.0,316.0,0.35625704622322435
Bulgaria,736.0,262.0,0.35597826086956524
Bahrain,584.0,207.0,0.3544520547945205
Burkina Faso,463.0,164.0,0.3542116630669546
Ethiopia,408.0,144.0,0.35294117647058826
Cuba,397.0,139.0,0.3501259445843829
Paraguay,786.0,275.0,0.34987277353689566
Gabon,405.0,141.0,0.34814814814814815
Saint Lucia,230.0,80.0,0.34782608695652173
Provence,23.0,8.0,0.34782608695652173
Western Australia,32.0,11.0,0.34375
Bermuda,198.0,68.0,0.3434343434343434
Montenegro,170.0,58.0,0.3411764705882353
Malawi,643.0,219.0,0.3405909797822706
Angola,414.0,140.0,0.33816425120772947
Panama,542.0,183.0,0.3376383763837638
Papua New Guinea,155.0,52.0,0.33548387096774196
Monaco,24.0,8.0,0.3333333333333333
Luhansk PR,6.0,2.0,0.3333333333333333
Sint Maarten,60.0,20.0,0.3333333333333333
Sealand,12.0,4.0,0.3333333333333333
Donetsk PR,6.0,2.0,0.3333333333333333
Somaliland,6.0,2.0,0.3333333333333333
Hmong,3.0,1.0,0.3333333333333333
Székely Land,27.0,9.0,0.3333333333333333
Grenada,260.0,86.0,0.33076923076923076
Congo,406.0,134.0,0.33004926108374383
Guyana,313.0,103.0,0.329073482428115
Georgia,307.0,100.0,0.3257328990228013
El Salvador,614.0,200.0,0.3257328990228013
Greenland,77.0,25.0,0.3246753246753247
Peru,713.0,231.0,0.32398316970546986
Vanuatu,214.0,69.0,0.32242990654205606
Wales,726.0,234.0,0.32231404958677684
Sudan,469.0,151.0,0.32196162046908317
Orkney,28.0,9.0,0.32142857142857145
Hong Kong,446.0,143.0,0.32062780269058294
Bonaire,44.0,14.0,0.3181818181818182
Mozambique,374.0,118.0,0.3155080213903743
Singapore,696.0,219.0,0.3146551724137931
Rwanda,280.0,88.0,0.3142857142857143
Togo,446.0,140.0,0.31390134529147984
Western Armenia,16.0,5.0,0.3125
Barbados,302.0,94.0,0.31125827814569534
North Macedonia,306.0,95.0,0.3104575163398693
Samoa,71.0,22.0,0.30985915492957744
Ecuador,594.0,183.0,0.30808080808080807
Antigua and Barbuda,231.0,71.0,0.30735930735930733
Iceland,521.0,159.0,0.30518234165067176
Sierra Leone,300.0,91.0,0.30333333333333334
French Guiana,179.0,54.0,0.3016759776536313
Kyrgyzstan,190.0,57.0,0.3
Belarus,314.0,94.0,0.29936305732484075
Palestine,248.0,74.0,0.29838709677419356
Burundi,218.0,65.0,0.2981651376146789
South Ossetia,17.0,5.0,0.29411764705882354
North Vietnam,24.0,7.0,0.2916666666666667
Mayotte,38.0,11.0,0.2894736842105263
Gozo,14.0,4.0,0.2857142857142857
Romani people,7.0,2.0,0.2857142857142857
Mauritius,325.0,91.0,0.28
Lebanon,333.0,93.0,0.27927927927927926
Latvia,460.0,128.0,0.2782608695652174
Taiwan,245.0,68.0,0.27755102040816326
Albania,398.0,110.0,0.27638190954773867
Equatorial Guinea,178.0,49.0,0.2752808988764045
Gambia,266.0,73.0,0.2744360902255639
Guinea-Bissau,190.0,52.0,0.2736842105263158
Tanzania,599.0,163.0,0.27212020033388984
Botswana,332.0,90.0,0.2710843373493976
Maldives,233.0,63.0,0.2703862660944206
Philippines,341.0,92.0,0.2697947214076246
Kazakhstan,268.0,71.0,0.26492537313432835
Finland,818.0,216.0,0.26405867970660146
Bangladesh,305.0,80.0,0.26229508196721313
Northern Ireland,706.0,185.0,0.26203966005665724
Hitra,23.0,6.0,0.2608695652173913
Benin,324.0,84.0,0.25925925925925924
Liberia,301.0,78.0,0.2591362126245847
Montserrat,66.0,17.0,0.25757575757575757
Lithuania,432.0,111.0,0.2569444444444444
Belize,121.0,31.0,0.256198347107438
Venezuela,459.0,116.0,0.25272331154684097
Puerto Rico,163.0,41.0,0.25153374233128833
Namibia,279.0,70.0,0.25089605734767023
United Koreans in Japan,12.0,3.0,0.25
Republic of St. Pauli,4.0,1.0,0.25
Barawa,12.0,3.0,0.25
Gibraltar,160.0,40.0,0.25
Afghanistan,145.0,36.0,0.2482758620689655
Estonia,549.0,135.0,0.2459016393442623
Mongolia,103.0,25.0,0.24271844660194175
Dominica,215.0,52.0,0.24186046511627907
Armenia,271.0,65.0,0.23985239852398524
Niger,259.0,61.0,0.23552123552123552
Tonga,68.0,16.0,0.23529411764705882
Nepal,268.0,63.0,0.23507462686567165
Comoros,150.0,35.0,0.23333333333333334
Turks and Caicos Islands,52.0,12.0,0.23076923076923078
Raetia,26.0,6.0,0.23076923076923078
Nicaragua,222.0,51.0,0.22972972972972974
Bolivia,533.0,119.0,0.22326454033771106
Western Sahara,9.0,2.0,0.2222222222222222
Cambodia,294.0,64.0,0.21768707482993196
Pakistan,249.0,53.0,0.21285140562248997
Central African Republic,137.0,29.0,0.2116788321167883
Aruba,152.0,32.0,0.21052631578947367
Zanzibar,209.0,44.0,0.21052631578947367
Bahamas,67.0,14.0,0.208955223880597
Cayman Islands,120.0,25.0,0.20833333333333334
Wallis Islands and Futuna,24.0,5.0,0.20833333333333334
Cook Islands,53.0,11.0,0.20754716981132076
Tuvalu,39.0,8.0,0.20512820512820512
Guam,123.0,25.0,0.2032520325203252
Eswatini,274.0,55.0,0.20072992700729927
Yemen DPR,25.0,5.0,0.2
Yemen,266.0,53.0,0.19924812030075187
Faroe Islands,286.0,56.0,0.1958041958041958
Sri Lanka,251.0,49.0,0.1952191235059761
Moldova,298.0,58.0,0.19463087248322147
Azerbaijan,309.0,60.0,0.1941747572815534
Cyprus,426.0,82.0,0.19248826291079812
Frøya,37.0,7.0,0.1891891891891892
Chad,138.0,26.0,0.18840579710144928
Laos,224.0,42.0,0.1875
Mauritania,272.0,51.0,0.1875
Chagos Islands,16.0,3.0,0.1875
Lesotho,296.0,54.0,0.18243243243243243
Falkland Islands,33.0,6.0,0.18181818181818182
British Virgin Islands,123.0,22.0,0.17886178861788618
Kabylia,6.0,1.0,0.16666666666666666
Two Sicilies,6.0,1.0,0.16666666666666666
Brunei,137.0,22.0,0.16058394160583941
Eritrea,71.0,11.0,0.15492957746478872
South Sudan,78.0,12.0,0.15384615384615385
Seychelles,176.0,26.0,0.14772727272727273
Saare County,35.0,5.0,0.14285714285714285
Micronesia,7.0,1.0,0.14285714285714285
Malta,458.0,65.0,0.14192139737991266
Macau,148.0,21.0,0.14189189189189189
Northern Mariana Islands,30.0,4.0,0.13333333333333333
United States Virgin Islands,78.0,10.0,0.1282051282051282
São Tomé and Príncipe,71.0,9.0,0.1267605633802817
Saarland,9.0,1.0,0.1111111111111111
Luxembourg,467.0,50.0,0.10706638115631692
Timor-Leste,86.0,9.0,0.10465116279069768
Bhutan,110.0,11.0,0.1
Somalia,124.0,11.0,0.08870967741935484
Anguilla,91.0,7.0,0.07692307692307693
Liechtenstein,259.0,19.0,0.07335907335907337
American Samoa,55.0,4.0,0.07272727272727272
Djibouti,111.0,7.0,0.06306306306306306
Andorra,229.0,14.0,0.0611353711790393
Tibet,21.0,1.0,0.047619047619047616
Alderney,135.0,5.0,0.037037037037037035
San Marino,224.0,3.0,0.013392857142857142
Ambazonia,6.0,0.0,0.0
Marshall Islands,2.0,0.0,0.0
West Papua,2.0,0.0,0.0
Niue,2.0,0.0,0.0
Manchukuo,3.0,0.0,0.0
Yoruba Nation,2.0,0.0,0.0
Palau,2.0,0.0,0.0
Saugeais,1.0,0.0,0.0
Sark,4.0,0.0,0.0
Saint Helena,8.0,0.0,0.0
Saint Pierre and Miquelon,7.0,0.0,0.0
Kiribati,11.0,0.0,0.0
Ryūkyū,1.0,0.0,0.0
Madrid,1.0,0.0,0.0
Seborga,1.0,0.0,0.0
South Yemen,3.0,0.0,0.0
Darfur,7.0,0.0,0.0
Găgăuzia,3.0,0.0,0.0
Ticino,2.0,0.0,0.0
Cilento,1.0,0.0,0.0
Chechnya,3.0,0.0,0.0
Aymara,2.0,0.0,0.0
Vatican City,7.0,0.0,0.0
